Chá do Matias ;;;;;;;;;;;;;;;;;;;;;;;;;
"

Queridos familiares e amigos,

Preparamos esta lista com muito carinho para ajudar na organização do enxoval do Matias.

Para quem quiser presenteá-lo, reunimos abaixo algumas sugestões de itens que ainda não temos e que serão muito
úteis para a chegada dele. Ao escolher um presente, pedimos que escreva o seu nome ao lado do item escolhido,
 assim conseguimos evitar presentes repetidos.

Os links disponíveis servem apenas como referência. Não é necessário comprar na loja indicada. 
Pedimos apenas que, sempre que possível, a marca sugerida seja mantida, pois cada item foi escolhido com carinho e cuidado.

Também optamos por utilizar fraldas ecológicas a partir dos dois meses do Matias. 
Como ainda iremos adquirir esse enxoval, quem preferir pode contribuir com essa parte por meio de PIX.

Mas, acima de tudo, sintam-se à vontade! A presença, o carinho e a alegria de vocês em celebrar a chegada 
do Matias conosco são o que realmente importa. A lista é apenas uma forma de facilitar para quem desejar 
nos presentear, e qualquer demonstração de carinho será recebida com muito amor. 🤍

Obrigada por fazerem parte deste momento tão especial. Estamos muito felizes por compartilhar a espera do Matias com vocês!";;;;;;;;;;;;;;;;;;;;;;;;;
;;;;;;;;;;;;;;;;;;;;;;;;;
;;;;;;;;;;;;;;;;;;;;;;;;;
;;;;;;;;;;;;;;;;;;;;;;;;;
;;;;;;;;;;;;;;;;;;;;;;;;;
;;;;;;;;;;;;;;;;;;;;;;;;;
;;;;;;;;;;;;;;;;;;;;;;;;;
;;;;;;;;;;;;;;;;;;;;;;;;;
;;;;;;;;;;;;;;;;;;;;;;;;;
Descrição ;Marca ;Observação ;Nome ;LINK ;;;;;;;;;;;;;;;;;;;;;
Pacote de Fraldas RN ;Pampers Premium Care ou Huggies Supreme Care;;;https://www.panvel.com/panvel/fralda-pampers-premium-care-recem-nascido-rn-com-36-unidades/p-119599?gad_source=1&gad_campaignid=23800807883&gclid=EAIaIQobChMIlNGz4s2FlwMVZENIAB3u2xIFEAQYAiABEgLCe_D_BwE;;;;;;;;;;;;;;;;;;;;;
Pacote de Fraldas P;Pampers Premium Care ou Huggies Supreme Care;;;https://www.amazon.com.br/Fralda-Pampers-Premium-Care-Unidades/dp/B07GQ136TS/ref=asc_df_B07GQ136TS?mcid=1d9a53877b3432e49ced3edaa448ebe3&tag=googleshopp00-20&linkCode=df0&hvadid=709902263734&hvpos=&hvnetw=g&hvrand=10219216390214367255&hvpone=&hvptwo=&hvqmt=&hvdev=c&hvdvcmdl=&hvlocint=&hvlocphy=9102381&hvtargid=pla-809846919973&psc=1&hvocijid=10219216390214367255-B07GQ136TS-&hvexpln=0&language=pt_BR;;;;;;;;;;;;;;;;;;;;;
Pacote de Fraldas P;Pampers Premium Care ou Huggies Supreme Care;;;https://www.amazon.com.br/Fralda-Pampers-Premium-Care-Unidades/dp/B07GQ136TS/ref=asc_df_B07GQ136TS?mcid=1d9a53877b3432e49ced3edaa448ebe3&tag=googleshopp00-20&linkCode=df0&hvadid=709902263734&hvpos=&hvnetw=g&hvrand=10219216390214367255&hvpone=&hvptwo=&hvqmt=&hvdev=c&hvdvcmdl=&hvlocint=&hvlocphy=9102381&hvtargid=pla-809846919973&psc=1&hvocijid=10219216390214367255-B07GQ136TS-&hvexpln=0&language=pt_BR;;;;;;;;;;;;;;;;;;;;;
Pacote de Fraldas P;Pampers Premium Care ou Huggies Supreme Care;;;https://www.amazon.com.br/Fralda-Pampers-Premium-Care-Unidades/dp/B07GQ136TS/ref=asc_df_B07GQ136TS?mcid=1d9a53877b3432e49ced3edaa448ebe3&tag=googleshopp00-20&linkCode=df0&hvadid=709902263734&hvpos=&hvnetw=g&hvrand=10219216390214367255&hvpone=&hvptwo=&hvqmt=&hvdev=c&hvdvcmdl=&hvlocint=&hvlocphy=9102381&hvtargid=pla-809846919973&psc=1&hvocijid=10219216390214367255-B07GQ136TS-&hvexpln=0&language=pt_BR;;;;;;;;;;;;;;;;;;;;;
Pacote de Fraldas M;Pampers Premium Care ou Huggies Supreme Care;;;https://pharmaultrapopular.com/produto/fralda-pampers-premium-care-com-80-unidades-tamanho-m?utm_source=google&utm_medium=cpc&utm_campaign=pmax&gad_source=1&gad_campaignid=24199429622&gbraid=0AAAABEkx8s6meNHiZfhhgUfLSpQtKg7Dp&gclid=EAIaIQobChMIqvT8-s6FlwMVRk5IAB25liROEAQYASABEgJrWfD_BwE;;;;;;;;;;;;;;;;;;;;;
Sugador Nasal ;;;;https://s.shopee.com.br/AUuF4ZveBW;;;;;;;;;;;;;;;;;;;;;
Kit Higiene ;;tanto faz marca;;https://s.shopee.com.br/W6tAKqPpL;;;;;;;;;;;;;;;;;;;;;
Hidratante Mustela;Mustela ;;;https://www.amazon.com.br/Org%C3%A2nico-Mustela-Hidratante-Corporal-Ingredientes/dp/B08WLM2682/ref=asc_df_B08WLM2682?mcid=69855d994fa235bbb532a365f0dee8eb&tag=googleshopp00-20&linkCode=df0&hvadid=709857676557&hvpos=&hvnetw=g&hvrand=14284854703657410926&hvpone=&hvptwo=&hvqmt=&hvdev=c&hvdvcmdl=&hvlocint=&hvlocphy=9102381&hvtargid=pla-1270677879732&hvocijid=14284854703657410926-B08WLM2682-&hvexpln=0&language=pt_BR&th=1;;;;;;;;;;;;;;;;;;;;;
Creme para assadura;Mustela ;;;https://www.amazon.com.br/Mustela-Beb%C3%AA-Vitaminado-Preventivo-Assaduras/dp/B00TQCAAQW/ref=asc_df_B00TQCAAQW?mcid=7054c726901f3e1aa486e76304b887f3&tag=googleshopp00-20&linkCode=df0&hvadid=709978240004&hvpos=&hvnetw=g&hvrand=15335927936305601874&hvpone=&hvptwo=&hvqmt=&hvdev=c&hvdvcmdl=&hvlocint=&hvlocphy=9102381&hvtargid=pla-361573363377&hvocijid=15335927936305601874-B00TQCAAQW-&hvexpln=0&language=pt_BR&th=1;;;;;;;;;;;;;;;;;;;;;
Creme para assadura;Mustela ;;;https://www.amazon.com.br/Mustela-Beb%C3%AA-Vitaminado-Preventivo-Assaduras/dp/B00TQCAAQW/ref=asc_df_B00TQCAAQW?mcid=7054c726901f3e1aa486e76304b887f3&tag=googleshopp00-20&linkCode=df0&hvadid=709978240004&hvpos=&hvnetw=g&hvrand=15335927936305601874&hvpone=&hvptwo=&hvqmt=&hvdev=c&hvdvcmdl=&hvlocint=&hvlocphy=9102381&hvtargid=pla-361573363377&hvocijid=15335927936305601874-B00TQCAAQW-&hvexpln=0&language=pt_BR&th=1;;;;;;;;;;;;;;;;;;;;;
Creme para assadura;Mustela ;;;https://www.amazon.com.br/Mustela-Beb%C3%AA-Vitaminado-Preventivo-Assaduras/dp/B00TQCAAQW/ref=asc_df_B00TQCAAQW?mcid=7054c726901f3e1aa486e76304b887f3&tag=googleshopp00-20&linkCode=df0&hvadid=709978240004&hvpos=&hvnetw=g&hvrand=15335927936305601874&hvpone=&hvptwo=&hvqmt=&hvdev=c&hvdvcmdl=&hvlocint=&hvlocphy=9102381&hvtargid=pla-361573363377&hvocijid=15335927936305601874-B00TQCAAQW-&hvexpln=0&language=pt_BR&th=1;;;;;;;;;;;;;;;;;;;;;
Shampoo Mustela;Mustela ;;;https://www.google.com/aclk?sa=L&ai=DChsSEwjvmpfwhIaXAxVNUEgAHTV0CzQYACICCAEQGBoCY2U&co=1&ase=2&gclid=EAIaIQobChMI75qX8ISGlwMVTVBIAB01dAs0EAQYASABEgLGJPD_BwE&cid=CAAS0gHkaJXlv6WvCnkRpOeZ7hUKG2K7Cszo2ieQAxweanzSVKZx45zOQqRUWSNF39Dqq5vlDDX7I5rvQxC8k7OeX5zoGToyrCHjm16KLM1lX-daBtBpZBEFzZmABIekA4787Hv63j_JypQyRb10wHfqUtiJ7jglbQC0y5Rer6CK2AY5ktWRQjyCpeGQvwF8B1YYRLKYP6cvs0NDwYS8P852H7Vx8t3ddFq5K3lNw2V_mySVUb41XBGTToSFIrsZhVKtxl0xaW8PdgdWKtR6b9X2pHyh4Fo&cce=2&category=acrcp_v1_33&sig=AOD64_2XQYaKCPIgWMT85RKziYbRB6MifA&ctype=5&q=&nis=4&ved=2ahUKEwihqpLwhIaXAxUurZUCHTxKGIMQ5bgDKAB6BAgMEAs&adurl=;;;;;;;;;;;;;;;;;;;;;
Kit de lenço umedecido;bepantol ;;;https://www.amazon.com.br/Bepantol-Umedecidos-Pr%C3%B3-Vitamina-Hipoalerg%C3%AAnico-Conservantes/dp/B096KDKNNQ/ref=sr_1_4?__mk_pt_BR=%C3%85M%C3%85%C5%BD%C3%95%C3%91&crid=13HA2PZXF6LV2&dib=eyJ2IjoiMSJ9.T7L--yyY1p1g3VsPwwc-5t5n-OSkkBtdtoNfHUNV4V-9FMMyKqa820hMShJjdlfsLyA3H7zO6Qq-oupEJ1kZMCJ8APZsQpb4I5DxPcfviDun_BU79wClIwmll-3wd0Bj0x6X27TPjfzBBP03c50jaCLji6soKu8jk5nVFVcErBAsQyXjvNAYY8t2D2k0Fbe77ZHGKmQH3FmSGF3RERdouWFaQqs54x2lbcsKq6kZ3wiETtSL3jcvjG1DDTOV7LUA-QIx1XETcWSo3NXjueE0TKMLLVqI9OV4g4zwlTG8KKk.bUs0iFi6zV7gP2PifN7WA7bT2hY4Z_f0Mg5r9Tvr7Xg&dib_tag=se&keywords=len%C3%A7o+umedecido+bepantol&qid=1790198482&s=hpc&sprefix=len%C3%A7o+umedecido+bepantol%2Chpc%2C199&sr=1-4;;;;;;;;;;;;;;;;;;;;;
Kit de lenço umedecido;bepantol ;;;https://www.amazon.com.br/Bepantol-Umedecidos-Pr%C3%B3-Vitamina-Hipoalerg%C3%AAnico-Conservantes/dp/B096KDKNNQ/ref=sr_1_4?__mk_pt_BR=%C3%85M%C3%85%C5%BD%C3%95%C3%91&crid=13HA2PZXF6LV2&dib=eyJ2IjoiMSJ9.T7L--yyY1p1g3VsPwwc-5t5n-OSkkBtdtoNfHUNV4V-9FMMyKqa820hMShJjdlfsLyA3H7zO6Qq-oupEJ1kZMCJ8APZsQpb4I5DxPcfviDun_BU79wClIwmll-3wd0Bj0x6X27TPjfzBBP03c50jaCLji6soKu8jk5nVFVcErBAsQyXjvNAYY8t2D2k0Fbe77ZHGKmQH3FmSGF3RERdouWFaQqs54x2lbcsKq6kZ3wiETtSL3jcvjG1DDTOV7LUA-QIx1XETcWSo3NXjueE0TKMLLVqI9OV4g4zwlTG8KKk.bUs0iFi6zV7gP2PifN7WA7bT2hY4Z_f0Mg5r9Tvr7Xg&dib_tag=se&keywords=len%C3%A7o+umedecido+bepantol&qid=1790198482&s=hpc&sprefix=len%C3%A7o+umedecido+bepantol%2Chpc%2C199&sr=1-4;;;;;;;;;;;;;;;;;;;;;
Kit de lenço umedecido;bepantol ;;;https://www.amazon.com.br/Bepantol-Umedecidos-Pr%C3%B3-Vitamina-Hipoalerg%C3%AAnico-Conservantes/dp/B096KDKNNQ/ref=sr_1_4?__mk_pt_BR=%C3%85M%C3%85%C5%BD%C3%95%C3%91&crid=13HA2PZXF6LV2&dib=eyJ2IjoiMSJ9.T7L--yyY1p1g3VsPwwc-5t5n-OSkkBtdtoNfHUNV4V-9FMMyKqa820hMShJjdlfsLyA3H7zO6Qq-oupEJ1kZMCJ8APZsQpb4I5DxPcfviDun_BU79wClIwmll-3wd0Bj0x6X27TPjfzBBP03c50jaCLji6soKu8jk5nVFVcErBAsQyXjvNAYY8t2D2k0Fbe77ZHGKmQH3FmSGF3RERdouWFaQqs54x2lbcsKq6kZ3wiETtSL3jcvjG1DDTOV7LUA-QIx1XETcWSo3NXjueE0TKMLLVqI9OV4g4zwlTG8KKk.bUs0iFi6zV7gP2PifN7WA7bT2hY4Z_f0Mg5r9Tvr7Xg&dib_tag=se&keywords=len%C3%A7o+umedecido+bepantol&qid=1790198482&s=hpc&sprefix=len%C3%A7o+umedecido+bepantol%2Chpc%2C199&sr=1-4;;;;;;;;;;;;;;;;;;;;;
Kit de algodãos quadrados ;;tanto faz a marca ;;https://www.amazon.com.br/Cremer-Quadrados-Algod%C3%A3o-Unidades-unidades/dp/B0FMY76PZW/ref=sr_1_1_sspa?__mk_pt_BR=%C3%85M%C3%85%C5%BD%C3%95%C3%91&crid=D0I8N5QKOH8S&dib=eyJ2IjoiMSJ9.Yr6iWOl81A8YSrDGgTP6HqKDr-2wA0QsuGZ5QJV2CNGkaWRGjlEj5hm5doSvLwMmUEiU6ceImP8mz8EZ4DHJtWV25XpEScQ4nVGYjIDzq3ka1H8IIOweZGHSRF3ToO_jNT-NV9ItKSltEwq_QvaG56DL_imSYBL3-Dt85Bcx15Cm7eii4LieRimnm5Gl4ifQCMylECWDPujIrmKunvq_--Ing7p7Zt_mG7_ytPjJ1OGyQ266fkqfzqcjLRBLN_9TzgoXH8N-1TIt7VdtgtEsO1TbVA8ne12IRUv0FCGy74Y.Do4ComJmXcBzdXZDrmlcL4t7esF43CE0ptMjTzczfNQ&dib_tag=se&keywords=algodao+quadrado&qid=1790198636&s=hpc&sprefix=algodao+quadrado%2Chpc%2C206&sr=1-1-spons&ufe=app_do%3Aamzn1.fos.6121c6c4-c969-43ae-92f7-cc248fc6181d&sp_csd=d2lkZ2V0TmFtZT1zcF9hdGY&psc=1;;;;;;;;;;;;;;;;;;;;;
Kit de algodãos quadrados ;;tanto faz a marca ;;https://www.amazon.com.br/Cremer-Quadrados-Algod%C3%A3o-Unidades-unidades/dp/B0FMY76PZW/ref=sr_1_1_sspa?__mk_pt_BR=%C3%85M%C3%85%C5%BD%C3%95%C3%91&crid=D0I8N5QKOH8S&dib=eyJ2IjoiMSJ9.Yr6iWOl81A8YSrDGgTP6HqKDr-2wA0QsuGZ5QJV2CNGkaWRGjlEj5hm5doSvLwMmUEiU6ceImP8mz8EZ4DHJtWV25XpEScQ4nVGYjIDzq3ka1H8IIOweZGHSRF3ToO_jNT-NV9ItKSltEwq_QvaG56DL_imSYBL3-Dt85Bcx15Cm7eii4LieRimnm5Gl4ifQCMylECWDPujIrmKunvq_--Ing7p7Zt_mG7_ytPjJ1OGyQ266fkqfzqcjLRBLN_9TzgoXH8N-1TIt7VdtgtEsO1TbVA8ne12IRUv0FCGy74Y.Do4ComJmXcBzdXZDrmlcL4t7esF43CE0ptMjTzczfNQ&dib_tag=se&keywords=algodao+quadrado&qid=1790198636&s=hpc&sprefix=algodao+quadrado%2Chpc%2C206&sr=1-1-spons&ufe=app_do%3Aamzn1.fos.6121c6c4-c969-43ae-92f7-cc248fc6181d&sp_csd=d2lkZ2V0TmFtZT1zcF9hdGY&psc=1;;;;;;;;;;;;;;;;;;;;;
Mochila Maternidade;;cinza;;https://s.shopee.com.br/2BF78iNZlH;;;;;;;;;;;;;;;;;;;;;
Trocador Portátil ;;tanto faz marca;;https://s.shopee.com.br/BU2l9wxBA;;;;;;;;;;;;;;;;;;;;;
Tapete de atividades ;;tanto faz marca;;https://s.shopee.com.br/6L4g6mxDAj;;;;;;;;;;;;;;;;;;;;;
babá eletronica ;;;;https://s.shopee.com.br/5AsiuNbkt6;;;;;;;;;;;;;;;;;;;;;
Lençol de berço ;;tanto faz a marca ;;;;;;;;;;;;;;;;;;;;;;;
Potes de armazenamento de leite ;;tanto faz marca;;https://s.shopee.com.br/1gIqjqeRRE;;;;;;;;;;;;;;;;;;;;;
Organizadores de gaveta ;;tanto faz marca;;https://s.shopee.com.br/9fL84hPNGZ;;;;;;;;;;;;;;;;;;;;;
Colmeias de organização ;;tanto faz marca;;https://s.shopee.com.br/2qUnw6UCIh;;;;;;;;;;;;;;;;;;;;;
cabides de bebe ;;tanto faz marca;;https://s.shopee.com.br/1gIqY2jomq;;;;;;;;;;;;;;;;;;;;;
Cesto de roupa suja ;;tanto faz marca;;https://s.shopee.com.br/1AcYRq9na;;;;;;;;;;;;;;;;;;;;;
Termometro ;g3tech ;;;https://www.amazon.com.br/G-Tech-Term%C3%B4metro-Infravermelho-Ultracompacto-Testa/dp/B08QDZHNQ2/ref=sr_1_16?__mk_pt_BR=%C3%85M%C3%85%C5%BD%C3%95%C3%91&crid=1ZX9SPYD11QOS&dib=eyJ2IjoiMSJ9.hLiwrIvA9DKPweJ20YI8-hGPi69u2K5NUoS7O6RmPmvrrQgSNDzR-zDIL8TX7kGTVQ4uf2-JdVx8MEdZfrPP6dhvK0_79fcDG-99kSqT3GCrpxRXRWKqw-xuQHIn4wzoACDTG8rouXiki0A8dL3xcFsk5s3GkwEE-lnGu_UVStISdjpMdihCfULJKDj2tUZMEdb4GXiqhllKQWtzU7MFDcbGB7esPBouq3oJcTp8W4-TChK9TekAkR-XUREhof1aZCc-ZfCsoNIC9Twyj6rsJwpfso4Ykl21WpjiPro7EFs._gPqdS0B7IJJQYd5DNg9jYfw605fERM-pu31kJZUKSw&dib_tag=se&keywords=term%C3%B3metro+de+bebe&qid=1790211018&s=hpc&sprefix=termometro+de+bebe%2Chpc%2C197&sr=1-16&ufe=app_do%3Aamzn1.fos.6d798eae-cadf-45de-946a-f477d47705b9;;;;;;;;;;;;;;;;;;;;;
Lixeira antiodor;;branca ;;https://s.shopee.com.br/4B0BiG8y92;;;;;;;;;;;;;;;;;;;;;
livro de pano ;;;;https://s.shopee.com.br/8fSb5rgJDk;;;;;;;;;;;;;;;;;;;;;
coletor de leite ;;;;https://s.shopee.com.br/9peYHK3Fva;;;;;;;;;;;;;;;;;;;;;
luminária de mesa;;;;https://s.shopee.com.br/8V9AsWkf29;;;;;;;;;;;;;;;;;;;;;
alcool em gel ;giovanna baby ;;;;;;;;;;;;;;;;;;;;;;;;
ruido branco;;;;https://s.shopee.com.br/6fhWVroUSC;;;;;;;;;;;;;;;;;;;;;
brinquedo educativo;;;;https://s.shopee.com.br/3LR4jMa3ON;;;;;;;;;;;;;;;;;;;;;
Canguru ;;;;https://www.amazon.com.br/dp/B0CGVT4K6T?ref=cm_sw_r_cso_wa_apan_dp_1S7VKTSDH85YSN0YJAQR&ref_=cm_sw_r_cso_wa_apan_dp_1S7VKTSDH85YSN0YJAQR&social_share=cm_sw_r_cso_wa_apan_dp_1S7VKTSDH85YSN0YJAQR;;;;;;;;;;;;;;;;;;;;;
Inalador ;;;;https://s.shopee.com.br/2BF79uX8zY;;;;;;;;;;;;;;;;;;;;;
estante infantil montessoriano ;;;;https://s.shopee.com.br/AUuFHA1ogV;;;;;;;;;;;;;;;;;;;;;
Toalha com capuz de fralda;;;;;;;;;;;;;;;;;;;;;;;;;
Kit Fralda ecológica ;happy flute ;;;https://www.happyflute.com.br/produtos/kit-4-fraldas-ecologicas-happy-flute-8-abs-de-microfibra24/;;;;;;;;;;;;;;;;;;;;;
